sampleId,truthVcf,bedFile,chromosome,stratifications,reference,SDF,GATK,DV,SBPAN,SBAI,HPRCDV,HPRCTrio
HG002, /scratch/vpagano/happy-test/chr1-22/1kGP_high_coverage_Illumina.chr*.filtered.SNV_INDEL_SV_phased_panel-NA12878.vcf.gz,,,,,,/tgen_labs/schork/projects2/SB_POC/results/secondRound/genomes/HG002_HiSeq30x_subsampled_R_pb_haplotypecaller.vcf.gz,/tgen_labs/schork/projects2/SB_POC/results/secondRound/deepvariant/HG002_HiSeq30x_subsampled_R_pb_pb_deepvariant.vcf.gz,/tgen_labs/schork/projects2/SB_POC/results/secondRound/genomes_sb/HG002_HiSeq30x_subsampled_R_PG.filtered.vcf.gz,/tgen_labs/schork/projects2/SB_POC/results/secondRound/genomes_sb/HG002_HiSeq30x_subsampled_R_AMR.filtered.vcf.gz,/tgen_labs/schork/projects2/SB_POC/HPRC_DATA/HG002/DeepVariant/HG002.30x_novaseq_pcrfree.giraffedv.vcf.gz,/tgen_labs/schork/projects2/SB_POC/HPRC_DATA/HG002/DeepTrio/HG002_cohort.joint_called.trained_model.deeptrio.indel_realigned.unfiltered-renamed.HG002.vcf.gz
NA14311.WGS, /scratch/vpagano/happy-test/chr1-22/1kGP_high_coverage_Illumina.chr*.filtered.SNV_INDEL_SV_phased_panel-NA12878.vcf.gz,,,,,,/tgen_labs/schork/projects2/SB_POC/results/secondRound/genomes/Coriell_CRL29_1_PB_Whole_C1_WFPFG_HWJLWDSX2_CTGCGGAT_R_pb_haplotypecaller.vcf.gz,/tgen_labs/schork/projects2/SB_POC/results/secondRound/deepvariant/Coriell_CRL29_1_PB_Whole_C1_WFPFG_HWJLWDSX2_CTGCGGAT_R_pb_pb_deepvariant.vcf.gz,/tgen_labs/schork/projects2/SB_POC/results/secondRound/genomes_sb/Coriell_CRL29_1_PB_Whole_C1_WFPFG_L43103_HWJLWDSX2_CTGCGGAT_L001_R_PG.filtered.vcf.gz,/tgen_labs/schork/projects2/SB_POC/results/secondRound/genomes_sb/Coriell_CRL29_1_PB_Whole_C1_WFPFG_L43103_HWJLWDSX2_CTGCGGAT_L001_R_AMR.filtered.vcf.gz,,
HGDP00703, /scratch/vpagano/happy-test/chr1-22/1kGP_high_coverage_Illumina.chr*.filtered.SNV_INDEL_SV_phased_panel-NA12878.vcf.gz,,,,,,/tgen_labs/schork/projects2/SB_POC/sb_files/SBG-RUNS/BWA-GATK/BENCHMARK-SET/HGDP00703.vcf.gz,/tgen_labs/schork/projects2/SB_POC/results/bwaBenchmarkDeepvariant/HGDP00703_pb_deepvariant.vcf.gz,/tgen_labs/schork/projects2/SB_POC/sb_files/SBG-RUNS/PANGENOME/BENCHMARK-SET/HGDP00703.filtered.vcf.gz,/tgen_labs/schork/projects2/SB_POC/sb_files/SBG-RUNS/TGEN-AMR/BENCHMARK-SET/HGDP00703.filtered.vcf.gz,/tgen_labs/schork/projects2/SB_POC/HPRC_DATA/From.Matteo/HGDP-SGDP.SNV/HGDP00703.vcf.gz,
HGDP00832, /scratch/vpagano/happy-test/chr1-22/1kGP_high_coverage_Illumina.chr*.filtered.SNV_INDEL_SV_phased_panel-NA12878.vcf.gz,,,,,,/tgen_labs/schork/projects2/SB_POC/sb_files/SBG-RUNS/BWA-GATK/BENCHMARK-SET/HGDP00832.vcf.gz,/tgen_labs/schork/projects2/SB_POC/results/bwaBenchmarkDeepvariant/HGDP00832_pb_deepvariant.vcf.gz,/tgen_labs/schork/projects2/SB_POC/sb_files/SBG-RUNS/PANGENOME/BENCHMARK-SET/HGDP00832.filtered.vcf.gz,/tgen_labs/schork/projects2/SB_POC/sb_files/SBG-RUNS/TGEN-AMR/BENCHMARK-SET/HGDP00832.filtered.vcf.gz,/tgen_labs/schork/projects2/SB_POC/HPRC_DATA/From.Matteo/HGDP-SGDP.SNV/HGDP00832.vcf.gz,
HGDP00849, /scratch/vpagano/happy-test/chr1-22/1kGP_high_coverage_Illumina.chr*.filtered.SNV_INDEL_SV_phased_panel-NA12878.vcf.gz,,,,,,/tgen_labs/schork/projects2/SB_POC/sb_files/SBG-RUNS/BWA-GATK/BENCHMARK-SET/HGDP00849.vcf.gz,/tgen_labs/schork/projects2/SB_POC/results/bwaBenchmarkDeepvariant/HGDP00849_pb_deepvariant.vcf.gz,/tgen_labs/schork/projects2/SB_POC/sb_files/SBG-RUNS/PANGENOME/BENCHMARK-SET/HGDP00849.filtered.vcf.gz,/tgen_labs/schork/projects2/SB_POC/sb_files/SBG-RUNS/TGEN-AMR/BENCHMARK-SET/HGDP00849.filtered.vcf.gz,/tgen_labs/schork/projects2/SB_POC/HPRC_DATA/From.Matteo/HGDP-SGDP.SNV/HGDP00849.vcf.gz,
HGDP00854, /scratch/vpagano/happy-test/chr1-22/1kGP_high_coverage_Illumina.chr*.filtered.SNV_INDEL_SV_phased_panel-NA12878.vcf.gz,,,,,,/tgen_labs/schork/projects2/SB_POC/sb_files/SBG-RUNS/BWA-GATK/BENCHMARK-SET/HGDP00854.vcf.gz,/tgen_labs/schork/projects2/SB_POC/results/bwaBenchmarkDeepvariant/HGDP00854_pb_deepvariant.vcf.gz,/tgen_labs/schork/projects2/SB_POC/sb_files/SBG-RUNS/PANGENOME/BENCHMARK-SET/HGDP00854.filtered.vcf.gz,/tgen_labs/schork/projects2/SB_POC/sb_files/SBG-RUNS/TGEN-AMR/BENCHMARK-SET/HGDP00854.filtered.vcf.gz,/tgen_labs/schork/projects2/SB_POC/HPRC_DATA/From.Matteo/HGDP-SGDP.SNV/HGDP00854.vcf.gz,
HGDP00855, /scratch/vpagano/happy-test/chr1-22/1kGP_high_coverage_Illumina.chr*.filtered.SNV_INDEL_SV_phased_panel-NA12878.vcf.gz,,,,,,/tgen_labs/schork/projects2/SB_POC/sb_files/SBG-RUNS/BWA-GATK/BENCHMARK-SET/HGDP00855.vcf.gz,/tgen_labs/schork/projects2/SB_POC/results/bwaBenchmarkDeepvariant/HGDP00855_pb_deepvariant.vcf.gz,/tgen_labs/schork/projects2/SB_POC/sb_files/SBG-RUNS/PANGENOME/BENCHMARK-SET/HGDP00855.filtered.vcf.gz,/tgen_labs/schork/projects2/SB_POC/sb_files/SBG-RUNS/TGEN-AMR/BENCHMARK-SET/HGDP00855.filtered.vcf.gz,/tgen_labs/schork/projects2/SB_POC/HPRC_DATA/From.Matteo/HGDP-SGDP.SNV/HGDP00855.vcf.gz,
HGDP00856, /scratch/vpagano/happy-test/chr1-22/1kGP_high_coverage_Illumina.chr*.filtered.SNV_INDEL_SV_phased_panel-NA12878.vcf.gz,,,,,,/tgen_labs/schork/projects2/SB_POC/sb_files/SBG-RUNS/BWA-GATK/BENCHMARK-SET/HGDP00856.vcf.gz,/tgen_labs/schork/projects2/SB_POC/results/bwaBenchmarkDeepvariant/HGDP00856_pb_deepvariant.vcf.gz,/tgen_labs/schork/projects2/SB_POC/sb_files/SBG-RUNS/PANGENOME/BENCHMARK-SET/HGDP00856.filtered.vcf.gz,/tgen_labs/schork/projects2/SB_POC/sb_files/SBG-RUNS/TGEN-AMR/BENCHMARK-SET/HGDP00856.filtered.vcf.gz,/tgen_labs/schork/projects2/SB_POC/HPRC_DATA/From.Matteo/HGDP-SGDP.SNV/HGDP00856.vcf.gz,
HGDP00860, /scratch/vpagano/happy-test/chr1-22/1kGP_high_coverage_Illumina.chr*.filtered.SNV_INDEL_SV_phased_panel-NA12878.vcf.gz,,,,,,/tgen_labs/schork/projects2/SB_POC/sb_files/SBG-RUNS/BWA-GATK/BENCHMARK-SET/HGDP00860.vcf.gz,/tgen_labs/schork/projects2/SB_POC/results/bwaBenchmarkDeepvariant/HGDP00860_pb_deepvariant.vcf.gz,/tgen_labs/schork/projects2/SB_POC/sb_files/SBG-RUNS/PANGENOME/BENCHMARK-SET/HGDP00860.filtered.vcf.gz,/tgen_labs/schork/projects2/SB_POC/sb_files/SBG-RUNS/TGEN-AMR/BENCHMARK-SET/HGDP00860.filtered.vcf.gz,/tgen_labs/schork/projects2/SB_POC/HPRC_DATA/From.Matteo/HGDP-SGDP.SNV/HGDP00860.vcf.gz,
HGDP00865, /scratch/vpagano/happy-test/chr1-22/1kGP_high_coverage_Illumina.chr*.filtered.SNV_INDEL_SV_phased_panel-NA12878.vcf.gz,,,,,,/tgen_labs/schork/projects2/SB_POC/sb_files/SBG-RUNS/BWA-GATK/BENCHMARK-SET/HGDP00865.vcf.gz,/tgen_labs/schork/projects2/SB_POC/results/bwaBenchmarkDeepvariant/HGDP00865_pb_deepvariant.vcf.gz,/tgen_labs/schork/projects2/SB_POC/sb_files/SBG-RUNS/PANGENOME/BENCHMARK-SET/HGDP00865.filtered.vcf.gz,/tgen_labs/schork/projects2/SB_POC/sb_files/SBG-RUNS/TGEN-AMR/BENCHMARK-SET/HGDP00865.filtered.vcf.gz,/tgen_labs/schork/projects2/SB_POC/HPRC_DATA/From.Matteo/HGDP-SGDP.SNV/HGDP00865.vcf.gz,
HGDP00868, /scratch/vpagano/happy-test/chr1-22/1kGP_high_coverage_Illumina.chr*.filtered.SNV_INDEL_SV_phased_panel-NA12878.vcf.gz,,,,,,/tgen_labs/schork/projects2/SB_POC/sb_files/SBG-RUNS/BWA-GATK/BENCHMARK-SET/HGDP00868.vcf.gz,/tgen_labs/schork/projects2/SB_POC/results/bwaBenchmarkDeepvariant/HGDP00868_pb_deepvariant.vcf.gz,/tgen_labs/schork/projects2/SB_POC/sb_files/SBG-RUNS/PANGENOME/BENCHMARK-SET/HGDP00868.filtered.vcf.gz,/tgen_labs/schork/projects2/SB_POC/sb_files/SBG-RUNS/TGEN-AMR/BENCHMARK-SET/HGDP00868.filtered.vcf.gz,/tgen_labs/schork/projects2/SB_POC/HPRC_DATA/From.Matteo/HGDP-SGDP.SNV/HGDP00868.vcf.gz,
HGDP00970, /scratch/vpagano/happy-test/chr1-22/1kGP_high_coverage_Illumina.chr*.filtered.SNV_INDEL_SV_phased_panel-NA12878.vcf.gz,,,,,,/tgen_labs/schork/projects2/SB_POC/sb_files/SBG-RUNS/BWA-GATK/BENCHMARK-SET/HGDP00970.vcf.gz,/tgen_labs/schork/projects2/SB_POC/results/bwaBenchmarkDeepvariant/HGDP00970_pb_deepvariant.vcf.gz,/tgen_labs/schork/projects2/SB_POC/sb_files/SBG-RUNS/PANGENOME/BENCHMARK-SET/HGDP00970.filtered.vcf.gz,/tgen_labs/schork/projects2/SB_POC/sb_files/SBG-RUNS/TGEN-AMR/BENCHMARK-SET/HGDP00970.filtered.vcf.gz,/tgen_labs/schork/projects2/SB_POC/HPRC_DATA/From.Matteo/HGDP-SGDP.SNV/HGDP00970.vcf.gz,
HGDP01006, /scratch/vpagano/happy-test/chr1-22/1kGP_high_coverage_Illumina.chr*.filtered.SNV_INDEL_SV_phased_panel-NA12878.vcf.gz,,,,,,/tgen_labs/schork/projects2/SB_POC/sb_files/SBG-RUNS/BWA-GATK/BENCHMARK-SET/HGDP01006.vcf.gz,/tgen_labs/schork/projects2/SB_POC/results/bwaBenchmarkDeepvariant/HGDP01006_pb_deepvariant.vcf.gz,/tgen_labs/schork/projects2/SB_POC/sb_files/SBG-RUNS/PANGENOME/BENCHMARK-SET/HGDP01006.filtered.vcf.gz,/tgen_labs/schork/projects2/SB_POC/sb_files/SBG-RUNS/TGEN-AMR/BENCHMARK-SET/HGDP01006.filtered.vcf.gz,/tgen_labs/schork/projects2/SB_POC/HPRC_DATA/From.Matteo/HGDP-SGDP.SNV/HGDP01006.vcf.gz,
HGDP01009, /scratch/vpagano/happy-test/chr1-22/1kGP_high_coverage_Illumina.chr*.filtered.SNV_INDEL_SV_phased_panel-NA12878.vcf.gz,,,,,,/tgen_labs/schork/projects2/SB_POC/sb_files/SBG-RUNS/BWA-GATK/BENCHMARK-SET/HGDP01009.vcf.gz,/tgen_labs/schork/projects2/SB_POC/results/bwaBenchmarkDeepvariant/HGDP01009_pb_deepvariant.vcf.gz,/tgen_labs/schork/projects2/SB_POC/sb_files/SBG-RUNS/PANGENOME/BENCHMARK-SET/HGDP01009.filtered.vcf.gz,/tgen_labs/schork/projects2/SB_POC/sb_files/SBG-RUNS/TGEN-AMR/BENCHMARK-SET/HGDP01009.filtered.vcf.gz,/tgen_labs/schork/projects2/SB_POC/HPRC_DATA/From.Matteo/HGDP-SGDP.SNV/HGDP01009.vcf.gz,
HGDP01037, /scratch/vpagano/happy-test/chr1-22/1kGP_high_coverage_Illumina.chr*.filtered.SNV_INDEL_SV_phased_panel-NA12878.vcf.gz,,,,,,/tgen_labs/schork/projects2/SB_POC/sb_files/SBG-RUNS/BWA-GATK/BENCHMARK-SET/HGDP01037.vcf.gz,/tgen_labs/schork/projects2/SB_POC/results/bwaBenchmarkDeepvariant/HGDP01037_pb_deepvariant.vcf.gz,/tgen_labs/schork/projects2/SB_POC/sb_files/SBG-RUNS/PANGENOME/BENCHMARK-SET/HGDP01037.filtered.vcf.gz,/tgen_labs/schork/projects2/SB_POC/sb_files/SBG-RUNS/TGEN-AMR/BENCHMARK-SET/HGDP01037.filtered.vcf.gz,/tgen_labs/schork/projects2/SB_POC/HPRC_DATA/From.Matteo/HGDP-SGDP.SNV/HGDP01037.vcf.gz,
HGDP01041, /scratch/vpagano/happy-test/chr1-22/1kGP_high_coverage_Illumina.chr*.filtered.SNV_INDEL_SV_phased_panel-NA12878.vcf.gz,,,,,,/tgen_labs/schork/projects2/SB_POC/sb_files/SBG-RUNS/BWA-GATK/BENCHMARK-SET/HGDP01041.vcf.gz,/tgen_labs/schork/projects2/SB_POC/results/bwaBenchmarkDeepvariant/HGDP01041_pb_deepvariant.vcf.gz,/tgen_labs/schork/projects2/SB_POC/sb_files/SBG-RUNS/PANGENOME/BENCHMARK-SET/HGDP01041.filtered.vcf.gz,/tgen_labs/schork/projects2/SB_POC/sb_files/SBG-RUNS/TGEN-AMR/BENCHMARK-SET/HGDP01041.filtered.vcf.gz,/tgen_labs/schork/projects2/SB_POC/HPRC_DATA/From.Matteo/HGDP-SGDP.SNV/HGDP01041.vcf.gz,
HGDP01047, /scratch/vpagano/happy-test/chr1-22/1kGP_high_coverage_Illumina.chr*.filtered.SNV_INDEL_SV_phased_panel-NA12878.vcf.gz,,,,,,/tgen_labs/schork/projects2/SB_POC/sb_files/SBG-RUNS/BWA-GATK/BENCHMARK-SET/HGDP01047.vcf.gz,/tgen_labs/schork/projects2/SB_POC/results/bwaBenchmarkDeepvariant/HGDP01047_pb_deepvariant.vcf.gz,/tgen_labs/schork/projects2/SB_POC/sb_files/SBG-RUNS/PANGENOME/BENCHMARK-SET/HGDP01047.filtered.vcf.gz,/tgen_labs/schork/projects2/SB_POC/sb_files/SBG-RUNS/TGEN-AMR/BENCHMARK-SET/HGDP01047.filtered.vcf.gz,/tgen_labs/schork/projects2/SB_POC/HPRC_DATA/From.Matteo/HGDP-SGDP.SNV/HGDP01047.vcf.gz,
HGDP01050, /scratch/vpagano/happy-test/chr1-22/1kGP_high_coverage_Illumina.chr*.filtered.SNV_INDEL_SV_phased_panel-NA12878.vcf.gz,,,,,,/tgen_labs/schork/projects2/SB_POC/sb_files/SBG-RUNS/BWA-GATK/BENCHMARK-SET/HGDP01050.vcf.gz,/tgen_labs/schork/projects2/SB_POC/results/bwaBenchmarkDeepvariant/HGDP01050_pb_deepvariant.vcf.gz,/tgen_labs/schork/projects2/SB_POC/sb_files/SBG-RUNS/PANGENOME/BENCHMARK-SET/HGDP01050.filtered.vcf.gz,/tgen_labs/schork/projects2/SB_POC/sb_files/SBG-RUNS/TGEN-AMR/BENCHMARK-SET/HGDP01050.filtered.vcf.gz,/tgen_labs/schork/projects2/SB_POC/HPRC_DATA/From.Matteo/HGDP-SGDP.SNV/HGDP01050.vcf.gz,
HGDP01057, /scratch/vpagano/happy-test/chr1-22/1kGP_high_coverage_Illumina.chr*.filtered.SNV_INDEL_SV_phased_panel-NA12878.vcf.gz,,,,,,/tgen_labs/schork/projects2/SB_POC/sb_files/SBG-RUNS/BWA-GATK/BENCHMARK-SET/HGDP01057.vcf.gz,/tgen_labs/schork/projects2/SB_POC/results/bwaBenchmarkDeepvariant/HGDP01057_pb_deepvariant.vcf.gz,/tgen_labs/schork/projects2/SB_POC/sb_files/SBG-RUNS/PANGENOME/BENCHMARK-SET/HGDP01057.filtered.vcf.gz,/tgen_labs/schork/projects2/SB_POC/sb_files/SBG-RUNS/TGEN-AMR/BENCHMARK-SET/HGDP01057.filtered.vcf.gz,/tgen_labs/schork/projects2/SB_POC/HPRC_DATA/From.Matteo/HGDP-SGDP.SNV/HGDP01057.vcf.gz,
HGDP01058, /scratch/vpagano/happy-test/chr1-22/1kGP_high_coverage_Illumina.chr*.filtered.SNV_INDEL_SV_phased_panel-NA12878.vcf.gz,,,,,,/tgen_labs/schork/projects2/SB_POC/sb_files/SBG-RUNS/BWA-GATK/BENCHMARK-SET/HGDP01058.vcf.gz,/tgen_labs/schork/projects2/SB_POC/results/bwaBenchmarkDeepvariant/HGDP01058_pb_deepvariant.vcf.gz,/tgen_labs/schork/projects2/SB_POC/sb_files/SBG-RUNS/PANGENOME/BENCHMARK-SET/HGDP01058.filtered.vcf.gz,/tgen_labs/schork/projects2/SB_POC/sb_files/SBG-RUNS/TGEN-AMR/BENCHMARK-SET/HGDP01058.filtered.vcf.gz,/tgen_labs/schork/projects2/SB_POC/HPRC_DATA/From.Matteo/HGDP-SGDP.SNV/HGDP01058.vcf.gz,
mixa0099, /scratch/vpagano/happy-test/chr1-22/1kGP_high_coverage_Illumina.chr*.filtered.SNV_INDEL_SV_phased_panel-NA12878.vcf.gz,,,,,,/tgen_labs/schork/projects2/SB_POC/sb_files/SBG-RUNS/BWA-GATK/BENCHMARK-SET/mixa0099.vcf.gz,/tgen_labs/schork/projects2/SB_POC/results/bwaBenchmarkDeepvariant/mixa0099_pb_deepvariant.vcf.gz,/tgen_labs/schork/projects2/SB_POC/sb_files/SBG-RUNS/PANGENOME/BENCHMARK-SET/mixa0099.filtered.vcf.gz,/tgen_labs/schork/projects2/SB_POC/sb_files/SBG-RUNS/TGEN-AMR/BENCHMARK-SET/mixa0099.filtered.vcf.gz,/tgen_labs/schork/projects2/SB_POC/HPRC_DATA/From.Matteo/HGDP-SGDP.SNV/mixa0099.vcf.gz,
mixe0002, /scratch/vpagano/happy-test/chr1-22/1kGP_high_coverage_Illumina.chr*.filtered.SNV_INDEL_SV_phased_panel-NA12878.vcf.gz,,,,,,/tgen_labs/schork/projects2/SB_POC/sb_files/SBG-RUNS/BWA-GATK/BENCHMARK-SET/mixe0002.vcf.gz,/tgen_labs/schork/projects2/SB_POC/results/bwaBenchmarkDeepvariant/mixe0002_pb_deepvariant.vcf.gz,/tgen_labs/schork/projects2/SB_POC/sb_files/SBG-RUNS/PANGENOME/BENCHMARK-SET/mixe0002.filtered.vcf.gz,/tgen_labs/schork/projects2/SB_POC/sb_files/SBG-RUNS/TGEN-AMR/BENCHMARK-SET/mixe0002.filtered.vcf.gz,/tgen_labs/schork/projects2/SB_POC/HPRC_DATA/From.Matteo/HGDP-SGDP.SNV/mixe0002.vcf.gz,
zapo0098, /scratch/vpagano/happy-test/chr1-22/1kGP_high_coverage_Illumina.chr*.filtered.SNV_INDEL_SV_phased_panel-NA12878.vcf.gz,,,,,,/tgen_labs/schork/projects2/SB_POC/sb_files/SBG-RUNS/BWA-GATK/BENCHMARK-SET/zapo0098.vcf.gz,/tgen_labs/schork/projects2/SB_POC/results/bwaBenchmarkDeepvariant/zapo0098_pb_deepvariant.vcf.gz,/tgen_labs/schork/projects2/SB_POC/sb_files/SBG-RUNS/PANGENOME/BENCHMARK-SET/zapo0098.filtered.vcf.gz,/tgen_labs/schork/projects2/SB_POC/sb_files/SBG-RUNS/TGEN-AMR/BENCHMARK-SET/zapo0098.filtered.vcf.gz,/tgen_labs/schork/projects2/SB_POC/HPRC_DATA/From.Matteo/HGDP-SGDP.SNV/zapo0098.vcf.gz,
ERR3988823, /scratch/vpagano/happy-test/chr1-22/1kGP_high_coverage_Illumina.chr*.filtered.SNV_INDEL_SV_phased_panel-NA12878.vcf.gz,,,,,,/tgen_labs/schork/projects2/SB_POC/results/secondRound/genomes/ERR3988823_pb_haplotypecaller.vcf.gz,/tgen_labs/schork/projects2/SB_POC/results/secondRound/deepvariant/ERR3988823_pb_pb_deepvariant.vcf.gz,/tgen_labs/schork/projects2/SB_POC/results/secondRound/genomes_sb/ERR3988823_PG.filtered.vcf.gz,/tgen_labs/schork/projects2/SB_POC/results/secondRound/genomes_sb/ERR3988823_AMR.filtered.vcf.gz,,
ERR3988824, /scratch/vpagano/happy-test/chr1-22/1kGP_high_coverage_Illumina.chr*.filtered.SNV_INDEL_SV_phased_panel-NA12878.vcf.gz,,,,,,/tgen_labs/schork/projects2/SB_POC/results/secondRound/genomes/ERR3988824_pb_haplotypecaller.vcf.gz,/tgen_labs/schork/projects2/SB_POC/results/secondRound/deepvariant/ERR3988824_pb_pb_deepvariant.vcf.gz,/tgen_labs/schork/projects2/SB_POC/results/secondRound/genomes_sb/ERR3988824_PG.filtered.vcf.gz,/tgen_labs/schork/projects2/SB_POC/results/secondRound/genomes_sb/ERR3988824_AMR.filtered.vcf.gz,,
ERR3988826, /scratch/vpagano/happy-test/chr1-22/1kGP_high_coverage_Illumina.chr*.filtered.SNV_INDEL_SV_phased_panel-NA12878.vcf.gz,,,,,,/tgen_labs/schork/projects2/SB_POC/results/secondRound/genomes/ERR3988826_pb_haplotypecaller.vcf.gz,/tgen_labs/schork/projects2/SB_POC/results/secondRound/deepvariant/ERR3988826_pb_pb_deepvariant.vcf.gz,/tgen_labs/schork/projects2/SB_POC/results/secondRound/genomes_sb/ERR3988826_PG.filtered.vcf.gz,/tgen_labs/schork/projects2/SB_POC/results/secondRound/genomes_sb/ERR3988826_AMR.filtered.vcf.gz,,
ERR3988832, /scratch/vpagano/happy-test/chr1-22/1kGP_high_coverage_Illumina.chr*.filtered.SNV_INDEL_SV_phased_panel-NA12878.vcf.gz,,,,,,/tgen_labs/schork/projects2/SB_POC/results/secondRound/genomes/ERR3988832_pb_haplotypecaller.vcf.gz,/tgen_labs/schork/projects2/SB_POC/results/secondRound/deepvariant/ERR3988832_pb_pb_deepvariant.vcf.gz,/tgen_labs/schork/projects2/SB_POC/results/secondRound/genomes_sb/ERR3988832_PG.filtered.vcf.gz,/tgen_labs/schork/projects2/SB_POC/results/secondRound/genomes_sb/ERR3988832_AMR.filtered.vcf.gz,,
ERR3988841, /scratch/vpagano/happy-test/chr1-22/1kGP_high_coverage_Illumina.chr*.filtered.SNV_INDEL_SV_phased_panel-NA12878.vcf.gz,,,,,,/tgen_labs/schork/projects2/SB_POC/results/secondRound/genomes/ERR3988841_pb_haplotypecaller.vcf.gz,/tgen_labs/schork/projects2/SB_POC/results/secondRound/deepvariant/ERR3988841_pb_pb_deepvariant.vcf.gz,/tgen_labs/schork/projects2/SB_POC/results/secondRound/genomes_sb/ERR3988841_PG.filtered.vcf.gz,/tgen_labs/schork/projects2/SB_POC/results/secondRound/genomes_sb/ERR3988841_AMR.filtered.vcf.gz,,
ERR3988842, /scratch/vpagano/happy-test/chr1-22/1kGP_high_coverage_Illumina.chr*.filtered.SNV_INDEL_SV_phased_panel-NA12878.vcf.gz,,,,,,/tgen_labs/schork/projects2/SB_POC/results/secondRound/genomes/ERR3988842_pb_haplotypecaller.vcf.gz,/tgen_labs/schork/projects2/SB_POC/results/secondRound/deepvariant/ERR3988842_pb_pb_deepvariant.vcf.gz,/tgen_labs/schork/projects2/SB_POC/results/secondRound/genomes_sb/ERR3988842_PG.filtered.vcf.gz,/tgen_labs/schork/projects2/SB_POC/results/secondRound/genomes_sb/ERR3988842_AMR.filtered.vcf.gz,,
ERR3988851, /scratch/vpagano/happy-test/chr1-22/1kGP_high_coverage_Illumina.chr*.filtered.SNV_INDEL_SV_phased_panel-NA12878.vcf.gz,,,,,,/tgen_labs/schork/projects2/SB_POC/results/secondRound/genomes/ERR3988851_pb_haplotypecaller.vcf.gz,/tgen_labs/schork/projects2/SB_POC/results/secondRound/deepvariant/ERR3988851_pb_pb_deepvariant.vcf.gz,/tgen_labs/schork/projects2/SB_POC/results/secondRound/genomes_sb/ERR3988851_PG.filtered.vcf.gz,/tgen_labs/schork/projects2/SB_POC/results/secondRound/genomes_sb/ERR3988851_AMR.filtered.vcf.gz,,
ERR3988858, /scratch/vpagano/happy-test/chr1-22/1kGP_high_coverage_Illumina.chr*.filtered.SNV_INDEL_SV_phased_panel-NA12878.vcf.gz,,,,,,/tgen_labs/schork/projects2/SB_POC/results/secondRound/genomes/ERR3988858_pb_haplotypecaller.vcf.gz,/tgen_labs/schork/projects2/SB_POC/results/secondRound/deepvariant/ERR3988858_pb_pb_deepvariant.vcf.gz,/tgen_labs/schork/projects2/SB_POC/results/secondRound/genomes_sb/ERR3988858_PG.filtered.vcf.gz,/tgen_labs/schork/projects2/SB_POC/results/secondRound/genomes_sb/ERR3988858_AMR.filtered.vcf.gz,,
ERR3988862, /scratch/vpagano/happy-test/chr1-22/1kGP_high_coverage_Illumina.chr*.filtered.SNV_INDEL_SV_phased_panel-NA12878.vcf.gz,,,,,,/tgen_labs/schork/projects2/SB_POC/results/secondRound/genomes/ERR3988862_pb_haplotypecaller.vcf.gz,/tgen_labs/schork/projects2/SB_POC/results/secondRound/deepvariant/ERR3988862_pb_pb_deepvariant.vcf.gz,/tgen_labs/schork/projects2/SB_POC/results/secondRound/genomes_sb/ERR3988862_PG.filtered.vcf.gz,/tgen_labs/schork/projects2/SB_POC/results/secondRound/genomes_sb/ERR3988862_AMR.filtered.vcf.gz,,
ERR3988875, /scratch/vpagano/happy-test/chr1-22/1kGP_high_coverage_Illumina.chr*.filtered.SNV_INDEL_SV_phased_panel-NA12878.vcf.gz,,,,,,/tgen_labs/schork/projects2/SB_POC/results/secondRound/genomes/ERR3988875_pb_haplotypecaller.vcf.gz,/tgen_labs/schork/projects2/SB_POC/results/secondRound/deepvariant/ERR3988875_pb_pb_deepvariant.vcf.gz,/tgen_labs/schork/projects2/SB_POC/results/secondRound/genomes_sb/ERR3988875_PG.filtered.vcf.gz,/tgen_labs/schork/projects2/SB_POC/results/secondRound/genomes_sb/ERR3988875_AMR.filtered.vcf.gz,,
ERR3988876, /scratch/vpagano/happy-test/chr1-22/1kGP_high_coverage_Illumina.chr*.filtered.SNV_INDEL_SV_phased_panel-NA12878.vcf.gz,,,,,,/tgen_labs/schork/projects2/SB_POC/results/secondRound/genomes/ERR3988876_pb_haplotypecaller.vcf.gz,/tgen_labs/schork/projects2/SB_POC/results/secondRound/deepvariant/ERR3988876_pb_pb_deepvariant.vcf.gz,/tgen_labs/schork/projects2/SB_POC/results/secondRound/genomes_sb/ERR3988876_PG.filtered.vcf.gz,/tgen_labs/schork/projects2/SB_POC/results/secondRound/genomes_sb/ERR3988876_AMR.filtered.vcf.gz,,
ERR3988951, /scratch/vpagano/happy-test/chr1-22/1kGP_high_coverage_Illumina.chr*.filtered.SNV_INDEL_SV_phased_panel-NA12878.vcf.gz,,,,,,/tgen_labs/schork/projects2/SB_POC/results/secondRound/genomes/ERR3988951_pb_haplotypecaller.vcf.gz,/tgen_labs/schork/projects2/SB_POC/results/secondRound/deepvariant/ERR3988951_pb_pb_deepvariant.vcf.gz,/tgen_labs/schork/projects2/SB_POC/results/secondRound/genomes_sb/ERR3988951_PG.filtered.vcf.gz,/tgen_labs/schork/projects2/SB_POC/results/secondRound/genomes_sb/ERR3988951_AMR.filtered.vcf.gz,,
ERR3988958, /scratch/vpagano/happy-test/chr1-22/1kGP_high_coverage_Illumina.chr*.filtered.SNV_INDEL_SV_phased_panel-NA12878.vcf.gz,,,,,,/tgen_labs/schork/projects2/SB_POC/results/secondRound/genomes/ERR3988958_pb_haplotypecaller.vcf.gz,/tgen_labs/schork/projects2/SB_POC/results/secondRound/deepvariant/ERR3988958_pb_pb_deepvariant.vcf.gz,/tgen_labs/schork/projects2/SB_POC/results/secondRound/genomes_sb/ERR3988958_PG.filtered.vcf.gz,/tgen_labs/schork/projects2/SB_POC/results/secondRound/genomes_sb/ERR3988958_AMR.filtered.vcf.gz,,
ERR3988965, /scratch/vpagano/happy-test/chr1-22/1kGP_high_coverage_Illumina.chr*.filtered.SNV_INDEL_SV_phased_panel-NA12878.vcf.gz,,,,,,/tgen_labs/schork/projects2/SB_POC/results/secondRound/genomes/ERR3988965_pb_haplotypecaller.vcf.gz,/tgen_labs/schork/projects2/SB_POC/results/secondRound/deepvariant/ERR3988965_pb_pb_deepvariant.vcf.gz,/tgen_labs/schork/projects2/SB_POC/results/secondRound/genomes_sb/ERR3988965_PG.filtered.vcf.gz,/tgen_labs/schork/projects2/SB_POC/results/secondRound/genomes_sb/ERR3988965_AMR.filtered.vcf.gz,,
ERR3988996, /scratch/vpagano/happy-test/chr1-22/1kGP_high_coverage_Illumina.chr*.filtered.SNV_INDEL_SV_phased_panel-NA12878.vcf.gz,,,,,,/tgen_labs/schork/projects2/SB_POC/results/secondRound/genomes/ERR3988996_pb_haplotypecaller.vcf.gz,/tgen_labs/schork/projects2/SB_POC/results/secondRound/deepvariant/ERR3988996_pb_pb_deepvariant.vcf.gz,/tgen_labs/schork/projects2/SB_POC/results/secondRound/genomes_sb/ERR3988996_PG.filtered.vcf.gz,/tgen_labs/schork/projects2/SB_POC/results/secondRound/genomes_sb/ERR3988996_AMR.filtered.vcf.gz,,
SRR10035390, /scratch/vpagano/happy-test/chr1-22/1kGP_high_coverage_Illumina.chr*.filtered.SNV_INDEL_SV_phased_panel-NA12878.vcf.gz,,,,,,/tgen_labs/schork/projects2/SB_POC/results/secondRound/genomes/SRR10035390_pb_haplotypecaller.vcf.gz,/tgen_labs/schork/projects2/SB_POC/results/secondRound/deepvariant/SRR10035390_pb_pb_deepvariant.vcf.gz,/tgen_labs/schork/projects2/SB_POC/results/secondRound/genomes_sb/SRR10035390_PG.filtered.vcf.gz,/tgen_labs/schork/projects2/SB_POC/results/secondRound/genomes_sb/SRR10035390_AMR.filtered.vcf.gz,,
SRR14724533, /scratch/vpagano/happy-test/chr1-22/1kGP_high_coverage_Illumina.chr*.filtered.SNV_INDEL_SV_phased_panel-NA12878.vcf.gz,,,,,,/tgen_labs/schork/projects2/SB_POC/results/secondRound/genomes/SRR14724533_pb_haplotypecaller.vcf.gz,/tgen_labs/schork/projects2/SB_POC/results/secondRound/deepvariant/SRR14724533_pb_pb_deepvariant.vcf.gz,/tgen_labs/schork/projects2/SB_POC/results/secondRound/genomes_sb/SRR14724533_PG.filtered.vcf.gz,/tgen_labs/schork/projects2/SB_POC/results/secondRound/genomes_sb/SRR14724533_AMR.filtered.vcf.gz,,
HG00512, /scratch/vpagano/happy-test/chr1-22/1kGP_high_coverage_Illumina.chr*.filtered.SNV_INDEL_SV_phased_panel-NA12878.vcf.gz,,,,,,/tgen_labs/schork/projects2/SB_POC/results/iGenomX/HG00512_pb_haplotypecaller.vcf.gz,/tgen_labs/schork/projects2/SB_POC/results/iGenomX/HG00512_pb_deepvariant.vcf.gz,/tgen_labs/schork/projects2/SB_POC/results/iGenomX/HG00512_PG.filtered.vcf.gz,/tgen_labs/schork/projects2/SB_POC/results/iGenomX/HG00512_AMR.filtered.vcf.gz,,
HG00513, /scratch/vpagano/happy-test/chr1-22/1kGP_high_coverage_Illumina.chr*.filtered.SNV_INDEL_SV_phased_panel-NA12878.vcf.gz,,,,,,/tgen_labs/schork/projects2/SB_POC/results/iGenomX/HG00513_pb_haplotypecaller.vcf.gz,/tgen_labs/schork/projects2/SB_POC/results/iGenomX/HG00513_pb_deepvariant.vcf.gz,/tgen_labs/schork/projects2/SB_POC/results/iGenomX/HG00513_PG.filtered.vcf.gz,/tgen_labs/schork/projects2/SB_POC/results/iGenomX/HG00513_AMR.filtered.vcf.gz,,
HG00514, /scratch/vpagano/happy-test/chr1-22/1kGP_high_coverage_Illumina.chr*.filtered.SNV_INDEL_SV_phased_panel-NA12878.vcf.gz,,,,,,/tgen_labs/schork/projects2/SB_POC/results/iGenomX/HG00514_pb_haplotypecaller.vcf.gz,/tgen_labs/schork/projects2/SB_POC/results/iGenomX/HG00514_pb_deepvariant.vcf.gz,/tgen_labs/schork/projects2/SB_POC/results/iGenomX/HG00514_PG.filtered.vcf.gz,/tgen_labs/schork/projects2/SB_POC/results/iGenomX/HG00514_AMR.filtered.vcf.gz,,
HG00731, /scratch/vpagano/happy-test/chr1-22/1kGP_high_coverage_Illumina.chr*.filtered.SNV_INDEL_SV_phased_panel-NA12878.vcf.gz,,,,,,/tgen_labs/schork/projects2/SB_POC/results/iGenomX/HG00731_pb_haplotypecaller.vcf.gz,/tgen_labs/schork/projects2/SB_POC/results/iGenomX/HG00731_pb_deepvariant.vcf.gz,/tgen_labs/schork/projects2/SB_POC/results/iGenomX/HG00731_PG.filtered.vcf.gz,/tgen_labs/schork/projects2/SB_POC/results/iGenomX/HG00731_AMR.filtered.vcf.gz,,
HG00732, /scratch/vpagano/happy-test/chr1-22/1kGP_high_coverage_Illumina.chr*.filtered.SNV_INDEL_SV_phased_panel-NA12878.vcf.gz,,,,,,/tgen_labs/schork/projects2/SB_POC/results/iGenomX/HG00732_pb_haplotypecaller.vcf.gz,/tgen_labs/schork/projects2/SB_POC/results/iGenomX/HG00732_pb_deepvariant.vcf.gz,/tgen_labs/schork/projects2/SB_POC/results/iGenomX/HG00732_PG.filtered.vcf.gz,/tgen_labs/schork/projects2/SB_POC/results/iGenomX/HG00732_AMR.filtered.vcf.gz,,
HG00733, /scratch/vpagano/happy-test/chr1-22/1kGP_high_coverage_Illumina.chr*.filtered.SNV_INDEL_SV_phased_panel-NA12878.vcf.gz,,,,,,/tgen_labs/schork/projects2/SB_POC/results/iGenomX/HG00733_pb_haplotypecaller.vcf.gz,/tgen_labs/schork/projects2/SB_POC/results/iGenomX/HG00733_pb_deepvariant.vcf.gz,/tgen_labs/schork/projects2/SB_POC/results/iGenomX/HG00733_PG.filtered.vcf.gz,/tgen_labs/schork/projects2/SB_POC/results/iGenomX/HG00733_AMR.filtered.vcf.gz,,
NA10975, /scratch/vpagano/happy-test/chr1-22/1kGP_high_coverage_Illumina.chr*.filtered.SNV_INDEL_SV_phased_panel-NA12878.vcf.gz,,,,,,/tgen_labs/schork/projects2/SB_POC/results/iGenomX/NA10975_pb_haplotypecaller.vcf.gz,/tgen_labs/schork/projects2/SB_POC/results/iGenomX/NA10975_pb_deepvariant.vcf.gz,/tgen_labs/schork/projects2/SB_POC/results/iGenomX/NA10975_PG.filtered.vcf.gz,/tgen_labs/schork/projects2/SB_POC/results/iGenomX/NA10975_AMR.filtered.vcf.gz,,
NA10976, /scratch/vpagano/happy-test/chr1-22/1kGP_high_coverage_Illumina.chr*.filtered.SNV_INDEL_SV_phased_panel-NA12878.vcf.gz,,,,,,/tgen_labs/schork/projects2/SB_POC/results/iGenomX/NA10976_pb_haplotypecaller.vcf.gz,/tgen_labs/schork/projects2/SB_POC/results/iGenomX/NA10976_pb_deepvariant.vcf.gz,/tgen_labs/schork/projects2/SB_POC/results/iGenomX/NA10976_PG.filtered.vcf.gz,/tgen_labs/schork/projects2/SB_POC/results/iGenomX/NA10976_AMR.filtered.vcf.gz,,
NA10978, /scratch/vpagano/happy-test/chr1-22/1kGP_high_coverage_Illumina.chr*.filtered.SNV_INDEL_SV_phased_panel-NA12878.vcf.gz,,,,,,/tgen_labs/schork/projects2/SB_POC/results/iGenomX/NA10978_pb_haplotypecaller.vcf.gz,/tgen_labs/schork/projects2/SB_POC/results/iGenomX/NA10978_pb_deepvariant.vcf.gz,/tgen_labs/schork/projects2/SB_POC/results/iGenomX/NA10978_PG.filtered.vcf.gz,/tgen_labs/schork/projects2/SB_POC/results/iGenomX/NA10978_AMR.filtered.vcf.gz,,
NA10979, /scratch/vpagano/happy-test/chr1-22/1kGP_high_coverage_Illumina.chr*.filtered.SNV_INDEL_SV_phased_panel-NA12878.vcf.gz,,,,,,/tgen_labs/schork/projects2/SB_POC/results/iGenomX/NA10979_pb_haplotypecaller.vcf.gz,/tgen_labs/schork/projects2/SB_POC/results/iGenomX/NA10979_pb_deepvariant.vcf.gz,/tgen_labs/schork/projects2/SB_POC/results/iGenomX/NA10979_PG.filtered.vcf.gz,/tgen_labs/schork/projects2/SB_POC/results/iGenomX/NA10979_AMR.filtered.vcf.gz,,
NA11197, /scratch/vpagano/happy-test/chr1-22/1kGP_high_coverage_Illumina.chr*.filtered.SNV_INDEL_SV_phased_panel-NA12878.vcf.gz,,,,,,/tgen_labs/schork/projects2/SB_POC/results/iGenomX/NA11197_pb_haplotypecaller.vcf.gz,/tgen_labs/schork/projects2/SB_POC/results/iGenomX/NA11197_pb_deepvariant.vcf.gz,/tgen_labs/schork/projects2/SB_POC/results/iGenomX/NA11197_PG.filtered.vcf.gz,/tgen_labs/schork/projects2/SB_POC/results/iGenomX/NA11197_AMR.filtered.vcf.gz,,
NA11198, /scratch/vpagano/happy-test/chr1-22/1kGP_high_coverage_Illumina.chr*.filtered.SNV_INDEL_SV_phased_panel-NA12878.vcf.gz,,,,,,/tgen_labs/schork/projects2/SB_POC/results/iGenomX/NA11198_pb_haplotypecaller.vcf.gz,/tgen_labs/schork/projects2/SB_POC/results/iGenomX/NA11198_pb_deepvariant.vcf.gz,/tgen_labs/schork/projects2/SB_POC/results/iGenomX/NA11198_PG.filtered.vcf.gz,/tgen_labs/schork/projects2/SB_POC/results/iGenomX/NA11198_AMR.filtered.vcf.gz,,
NA11199, /scratch/vpagano/happy-test/chr1-22/1kGP_high_coverage_Illumina.chr*.filtered.SNV_INDEL_SV_phased_panel-NA12878.vcf.gz,,,,,,/tgen_labs/schork/projects2/SB_POC/results/iGenomX/NA11199_pb_haplotypecaller.vcf.gz,/tgen_labs/schork/projects2/SB_POC/results/iGenomX/NA11199_pb_deepvariant.vcf.gz,/tgen_labs/schork/projects2/SB_POC/results/iGenomX/NA11199_PG.filtered.vcf.gz,/tgen_labs/schork/projects2/SB_POC/results/iGenomX/NA11199_AMR.filtered.vcf.gz,,
NA11200, /scratch/vpagano/happy-test/chr1-22/1kGP_high_coverage_Illumina.chr*.filtered.SNV_INDEL_SV_phased_panel-NA12878.vcf.gz,,,,,,/tgen_labs/schork/projects2/SB_POC/results/iGenomX/NA11200_pb_haplotypecaller.vcf.gz,/tgen_labs/schork/projects2/SB_POC/results/iGenomX/NA11200_pb_deepvariant.vcf.gz,/tgen_labs/schork/projects2/SB_POC/results/iGenomX/NA11200_PG.filtered.vcf.gz,/tgen_labs/schork/projects2/SB_POC/results/iGenomX/NA11200_AMR.filtered.vcf.gz,/tgen_labs/schork/projects2/SB_POC/HPRC_DATA/From.Matteo/HGDP-SGDP.SNV/NA11200.vcf.gz,
NA11201, /scratch/vpagano/happy-test/chr1-22/1kGP_high_coverage_Illumina.chr*.filtered.SNV_INDEL_SV_phased_panel-NA12878.vcf.gz,,,,,,/tgen_labs/schork/projects2/SB_POC/results/iGenomX/NA11201_pb_haplotypecaller.vcf.gz,/tgen_labs/schork/projects2/SB_POC/results/iGenomX/NA11201_pb_deepvariant.vcf.gz,/tgen_labs/schork/projects2/SB_POC/results/iGenomX/NA11201_PG.filtered.vcf.gz,/tgen_labs/schork/projects2/SB_POC/results/iGenomX/NA11201_AMR.filtered.vcf.gz,/tgen_labs/schork/projects2/SB_POC/HPRC_DATA/From.Matteo/HGDP-SGDP.SNV/NA11201.vcf.gz,
NA12877, /scratch/vpagano/happy-test/chr1-22/1kGP_high_coverage_Illumina.chr*.filtered.SNV_INDEL_SV_phased_panel-NA12878.vcf.gz,,,,,,/tgen_labs/schork/projects2/SB_POC/results/iGenomX/NA12877_pb_haplotypecaller.vcf.gz,/tgen_labs/schork/projects2/SB_POC/results/iGenomX/NA12877_pb_deepvariant.vcf.gz,/tgen_labs/schork/projects2/SB_POC/results/iGenomX/NA12877_PG.filtered.vcf.gz,/tgen_labs/schork/projects2/SB_POC/results/iGenomX/NA12877_AMR.filtered.vcf.gz,,
NA12878, /scratch/vpagano/happy-test/chr1-22/1kGP_high_coverage_Illumina.chr*.filtered.SNV_INDEL_SV_phased_panel-NA12878.vcf.gz,,,,,,/tgen_labs/schork/projects2/SB_POC/results/iGenomX/NA12878_pb_haplotypecaller.vcf.gz,/tgen_labs/schork/projects2/SB_POC/results/iGenomX/NA12878_pb_deepvariant.vcf.gz,/tgen_labs/schork/projects2/SB_POC/results/iGenomX/NA12878_PG.filtered.vcf.gz,/tgen_labs/schork/projects2/SB_POC/results/iGenomX/NA12878_AMR.filtered.vcf.gz,,
NA14308, /scratch/vpagano/happy-test/chr1-22/1kGP_high_coverage_Illumina.chr*.filtered.SNV_INDEL_SV_phased_panel-NA12878.vcf.gz,,,,,,/tgen_labs/schork/projects2/SB_POC/results/iGenomX/NA14308_pb_haplotypecaller.vcf.gz,/tgen_labs/schork/projects2/SB_POC/results/iGenomX/NA14308_pb_deepvariant.vcf.gz,/tgen_labs/schork/projects2/SB_POC/results/iGenomX/NA14308_PG.filtered.vcf.gz,/tgen_labs/schork/projects2/SB_POC/results/iGenomX/NA14308_AMR.filtered.vcf.gz,,
NA14309, /scratch/vpagano/happy-test/chr1-22/1kGP_high_coverage_Illumina.chr*.filtered.SNV_INDEL_SV_phased_panel-NA12878.vcf.gz,,,,,,/tgen_labs/schork/projects2/SB_POC/results/iGenomX/NA14309_pb_haplotypecaller.vcf.gz,/tgen_labs/schork/projects2/SB_POC/results/iGenomX/NA14309_pb_deepvariant.vcf.gz,/tgen_labs/schork/projects2/SB_POC/results/iGenomX/NA14309_PG.filtered.vcf.gz,/tgen_labs/schork/projects2/SB_POC/results/iGenomX/NA14309_AMR.filtered.vcf.gz,,
NA14310, /scratch/vpagano/happy-test/chr1-22/1kGP_high_coverage_Illumina.chr*.filtered.SNV_INDEL_SV_phased_panel-NA12878.vcf.gz,,,,,,/tgen_labs/schork/projects2/SB_POC/results/iGenomX/NA14310_pb_haplotypecaller.vcf.gz,/tgen_labs/schork/projects2/SB_POC/results/iGenomX/NA14310_pb_deepvariant.vcf.gz,/tgen_labs/schork/projects2/SB_POC/results/iGenomX/NA14310_PG.filtered.vcf.gz,/tgen_labs/schork/projects2/SB_POC/results/iGenomX/NA14310_AMR.filtered.vcf.gz,,
NA14311, /scratch/vpagano/happy-test/chr1-22/1kGP_high_coverage_Illumina.chr*.filtered.SNV_INDEL_SV_phased_panel-NA12878.vcf.gz,,,,,,/tgen_labs/schork/projects2/SB_POC/results/iGenomX/NA14311_pb_haplotypecaller.vcf.gz,/tgen_labs/schork/projects2/SB_POC/results/iGenomX/NA14311_pb_deepvariant.vcf.gz,/tgen_labs/schork/projects2/SB_POC/results/iGenomX/NA14311_PG.filtered.vcf.gz,/tgen_labs/schork/projects2/SB_POC/results/iGenomX/NA14311_AMR.filtered.vcf.gz,,
NA14313, /scratch/vpagano/happy-test/chr1-22/1kGP_high_coverage_Illumina.chr*.filtered.SNV_INDEL_SV_phased_panel-NA12878.vcf.gz,,,,,,/tgen_labs/schork/projects2/SB_POC/results/iGenomX/NA14313_pb_haplotypecaller.vcf.gz,/tgen_labs/schork/projects2/SB_POC/results/iGenomX/NA14313_pb_deepvariant.vcf.gz,/tgen_labs/schork/projects2/SB_POC/results/iGenomX/NA14313_PG.filtered.vcf.gz,/tgen_labs/schork/projects2/SB_POC/results/iGenomX/NA14313_AMR.filtered.vcf.gz,,
NA19001, /scratch/vpagano/happy-test/chr1-22/1kGP_high_coverage_Illumina.chr*.filtered.SNV_INDEL_SV_phased_panel-NA12878.vcf.gz,,,,,,/tgen_labs/schork/projects2/SB_POC/results/iGenomX/NA19001_pb_haplotypecaller.vcf.gz,/tgen_labs/schork/projects2/SB_POC/results/iGenomX/NA19001_pb_deepvariant.vcf.gz,/tgen_labs/schork/projects2/SB_POC/results/iGenomX/NA19001_PG.filtered.vcf.gz,/tgen_labs/schork/projects2/SB_POC/results/iGenomX/NA19001_AMR.filtered.vcf.gz,,
NA19068, /scratch/vpagano/happy-test/chr1-22/1kGP_high_coverage_Illumina.chr*.filtered.SNV_INDEL_SV_phased_panel-NA12878.vcf.gz,,,,,,/tgen_labs/schork/projects2/SB_POC/results/iGenomX/NA19068_pb_haplotypecaller.vcf.gz,/tgen_labs/schork/projects2/SB_POC/results/iGenomX/NA19068_pb_deepvariant.vcf.gz,/tgen_labs/schork/projects2/SB_POC/results/iGenomX/NA19068_PG.filtered.vcf.gz,/tgen_labs/schork/projects2/SB_POC/results/iGenomX/NA19068_AMR.filtered.vcf.gz,,
NA19083, /scratch/vpagano/happy-test/chr1-22/1kGP_high_coverage_Illumina.chr*.filtered.SNV_INDEL_SV_phased_panel-NA12878.vcf.gz,,,,,,/tgen_labs/schork/projects2/SB_POC/results/iGenomX/NA19083_pb_haplotypecaller.vcf.gz,/tgen_labs/schork/projects2/SB_POC/results/iGenomX/NA19083_pb_deepvariant.vcf.gz,/tgen_labs/schork/projects2/SB_POC/results/iGenomX/NA19083_PG.filtered.vcf.gz,/tgen_labs/schork/projects2/SB_POC/results/iGenomX/NA19083_AMR.filtered.vcf.gz,,
NA19238, /scratch/vpagano/happy-test/chr1-22/1kGP_high_coverage_Illumina.chr*.filtered.SNV_INDEL_SV_phased_panel-NA12878.vcf.gz,,,,,,/tgen_labs/schork/projects2/SB_POC/results/iGenomX/NA19238_pb_haplotypecaller.vcf.gz,/tgen_labs/schork/projects2/SB_POC/results/iGenomX/NA19238_pb_deepvariant.vcf.gz,/tgen_labs/schork/projects2/SB_POC/results/iGenomX/NA19238_PG.filtered.vcf.gz,/tgen_labs/schork/projects2/SB_POC/results/iGenomX/NA19238_AMR.filtered.vcf.gz,,
NA19239, /scratch/vpagano/happy-test/chr1-22/1kGP_high_coverage_Illumina.chr*.filtered.SNV_INDEL_SV_phased_panel-NA12878.vcf.gz,,,,,,/tgen_labs/schork/projects2/SB_POC/results/iGenomX/NA19239_pb_haplotypecaller.vcf.gz,/tgen_labs/schork/projects2/SB_POC/results/iGenomX/NA19239_pb_deepvariant.vcf.gz,/tgen_labs/schork/projects2/SB_POC/results/iGenomX/NA19239_PG.filtered.vcf.gz,/tgen_labs/schork/projects2/SB_POC/results/iGenomX/NA19239_AMR.filtered.vcf.gz,,
NA19240, /scratch/vpagano/happy-test/chr1-22/1kGP_high_coverage_Illumina.chr*.filtered.SNV_INDEL_SV_phased_panel-NA12878.vcf.gz,,,,,,/tgen_labs/schork/projects2/SB_POC/results/iGenomX/NA19240_pb_haplotypecaller.vcf.gz,/tgen_labs/schork/projects2/SB_POC/results/iGenomX/NA19240_pb_deepvariant.vcf.gz,/tgen_labs/schork/projects2/SB_POC/results/iGenomX/NA19240_PG.filtered.vcf.gz,/tgen_labs/schork/projects2/SB_POC/results/iGenomX/NA19240_AMR.filtered.vcf.gz,,